<?xml version="1.0" encoding="UTF-8"?>
<project-private xmlns="http://www.netbeans.org/ns/project-private/1">
    <editor-bookmarks xmlns="http://www.netbeans.org/ns/editor-bookmarks/2" lastBookmarkId="0"/>
    <open-files xmlns="http://www.netbeans.org/ns/projectui-open-files/2">
        <group>
            <file>file:/home/paulo/NetBeansProjects/Imoobiliaria/src/Interface/UltimasConsultas.java</file>
            <file>file:/home/paulo/NetBeansProjects/Imoobiliaria/src/Imob/LojaHabitavel.java</file>
            <file>file:/home/paulo/NetBeansProjects/Imoobiliaria/src/Imob/Guardar.java</file>
            <file>file:/home/paulo/NetBeansProjects/Imoobiliaria/src/Interface/PerfilVendedor.java</file>
            <file>file:/home/paulo/NetBeansProjects/Imoobiliaria/src/Interface/RegistaImovel.java</file>
            <file>file:/home/paulo/NetBeansProjects/Imoobiliaria/src/Imob/Apartamento.java</file>
            <file>file:/home/paulo/NetBeansProjects/Imoobiliaria/src/Imob/Utilizador.java</file>
            <file>file:/home/paulo/NetBeansProjects/Imoobiliaria/src/Interface/PrincipalComSessaoIniciada.java</file>
            <file>file:/home/paulo/NetBeansProjects/Imoobiliaria/src/Imob/Terreno.java</file>
            <file>file:/home/paulo/NetBeansProjects/Imoobiliaria/src/Interface/Favoritos.java</file>
            <file>file:/home/paulo/NetBeansProjects/Imoobiliaria/src/Interface/ListaImoveis.java</file>
            <file>file:/home/paulo/NetBeansProjects/Imoobiliaria/src/Imob/Moradia.java</file>
            <file>file:/home/paulo/NetBeansProjects/Imoobiliaria/src/Interface/RegistaApartamento.java</file>
            <file>file:/home/paulo/NetBeansProjects/Imoobiliaria/src/Imob/TipoMoradia.java</file>
            <file>file:/home/paulo/NetBeansProjects/Imoobiliaria/src/Imob/Loja.java</file>
            <file>file:/home/paulo/NetBeansProjects/Imoobiliaria/src/Interface/PerfilComprador.java</file>
            <file>file:/home/paulo/NetBeansProjects/Imoobiliaria/src/Interface/RegistaTerreno.java</file>
            <file>file:/home/paulo/NetBeansProjects/Imoobiliaria/src/Interface/PerfilImovel.java</file>
            <file>file:/home/paulo/NetBeansProjects/Imoobiliaria/src/Imob/Habitavel.java</file>
            <file>file:/home/paulo/NetBeansProjects/Imoobiliaria/src/Imob/Vendedor.java</file>
            <file>file:/home/paulo/NetBeansProjects/Imoobiliaria/src/Imob/Imoobiliaria.java</file>
            <file>file:/home/paulo/NetBeansProjects/Imoobiliaria/src/Interface/PrincipalSemSessaoIniciada.java</file>
            <file>file:/home/paulo/NetBeansProjects/Imoobiliaria/src/Interface/ImoveisMaisVisitados.java</file>
            <file>file:/home/paulo/NetBeansProjects/Imoobiliaria/src/Imob/Imovel.java</file>
            <file>file:/home/paulo/NetBeansProjects/Imoobiliaria/src/Imob/Consulta.java</file>
        </group>
    </open-files>
</project-private>
