<?xml version="1.0" encoding="UTF-8"?>
<project-private xmlns="http://www.netbeans.org/ns/project-private/1">
    <editor-bookmarks xmlns="http://www.netbeans.org/ns/editor-bookmarks/2" lastBookmarkId="0"/>
    <open-files xmlns="http://www.netbeans.org/ns/projectui-open-files/2">
        <group>
            <file>file:/home/paulo/NetBeansProjects/Imoobiliaria/src/imoobiliaria/Apartamento.java</file>
            <file>file:/home/paulo/NetBeansProjects/Imoobiliaria/src/imoobiliaria/Imovel.java</file>
            <file>file:/home/paulo/NetBeansProjects/Imoobiliaria/src/Interface/ProcuraAvancada.java</file>
            <file>file:/home/paulo/NetBeansProjects/Imoobiliaria/src/Interface/PrincipalSemSessaoIniciada.java</file>
            <file>file:/home/paulo/NetBeansProjects/Imoobiliaria/src/imoobiliaria/Comprador.java</file>
            <file>file:/home/paulo/NetBeansProjects/Imoobiliaria/src/imoobiliaria/Utilizador.java</file>
            <file>file:/home/paulo/NetBeansProjects/Imoobiliaria/src/Interface/RegistaUtilizador.java</file>
            <file>file:/home/paulo/NetBeansProjects/Imoobiliaria/src/Interface/Login.java</file>
        </group>
    </open-files>
</project-private>
